{
    "name": "All Requests",
    "numberOfRequests": {
        "total": 68414,
        "ok": 18841,
        "ko": 49573
    },
    "minResponseTime": {
        "total": 3,
        "ok": 7,
        "ko": 3
    },
    "maxResponseTime": {
        "total": 35991,
        "ok": 35991,
        "ko": 96
    },
    "meanResponseTime": {
        "total": 7045,
        "ok": 25559,
        "ko": 8
    },
    "standardDeviation": {
        "total": 12226,
        "ok": 8348,
        "ko": 5
    },
    "percentiles1": {
        "total": 8,
        "ok": 28046,
        "ko": 7
    },
    "percentiles2": {
        "total": 13132,
        "ok": 31976,
        "ko": 8
    },
    "percentiles3": {
        "total": 32897,
        "ok": 34337,
        "ko": 14
    },
    "percentiles4": {
        "total": 34756,
        "ok": 35371,
        "ko": 32
    },
    "group1": {
    "name": "t < 800 ms",
    "htmlName": "t < 800 ms",
    "count": 435,
    "percentage": 0.6358347706609758
},
    "group2": {
    "name": "800 ms <= t < 1200 ms",
    "htmlName": "t >= 800 ms <br> t < 1200 ms",
    "count": 51,
    "percentage": 0.07454614552576957
},
    "group3": {
    "name": "t >= 1200 ms",
    "htmlName": "t >= 1200 ms",
    "count": 18355,
    "percentage": 26.829303943637267
},
    "group4": {
    "name": "failed",
    "htmlName": "failed",
    "count": 49573,
    "percentage": 72.460315140176
},
    "meanNumberOfRequestsPerSecond": {
        "total": 270.4110671936759,
        "ok": 74.4703557312253,
        "ko": 195.9407114624506
    }
}