{
    "name": "All Requests",
    "numberOfRequests": {
        "total": 68415,
        "ok": 19797,
        "ko": 48618
    },
    "minResponseTime": {
        "total": 4,
        "ok": 6,
        "ko": 4
    },
    "maxResponseTime": {
        "total": 81931,
        "ok": 80156,
        "ko": 81931
    },
    "meanResponseTime": {
        "total": 9251,
        "ok": 9720,
        "ko": 9059
    },
    "standardDeviation": {
        "total": 14982,
        "ok": 14022,
        "ko": 15351
    },
    "percentiles1": {
        "total": 3592,
        "ok": 4617,
        "ko": 2508
    },
    "percentiles2": {
        "total": 9505,
        "ok": 10313,
        "ko": 9039
    },
    "percentiles3": {
        "total": 44030,
        "ok": 42707,
        "ko": 45701
    },
    "percentiles4": {
        "total": 70126,
        "ok": 64943,
        "ko": 70849
    },
    "group1": {
    "name": "t < 800 ms",
    "htmlName": "t < 800 ms",
    "count": 4414,
    "percentage": 6.451801505517796
},
    "group2": {
    "name": "800 ms <= t < 1200 ms",
    "htmlName": "t >= 800 ms <br> t < 1200 ms",
    "count": 1444,
    "percentage": 2.110648249652854
},
    "group3": {
    "name": "t >= 1200 ms",
    "htmlName": "t >= 1200 ms",
    "count": 13939,
    "percentage": 20.374186947306878
},
    "group4": {
    "name": "failed",
    "htmlName": "failed",
    "count": 48618,
    "percentage": 71.06336329752247
},
    "meanNumberOfRequestsPerSecond": {
        "total": 210.5076923076923,
        "ok": 60.91384615384615,
        "ko": 149.59384615384616
    }
}